1,Tait Mc Caughan,tmc0@scribd.com,Finland,17:11,1
2,Padget McKee,pmckee1@hexun.com,China,20:19,2
3,Yalonda Jermyn,yjermyn2@omniture.com,China,18:11,3
4,Diannne Pharrow,dpharrow3@icio.us,Mongolia,23:16,4
5,Saree Nobes,snobes4@google.com.au,Czech Republic,0:31,5
6,Virginie Maslin,vmaslin5@geocities.jp,Indonesia,23:43,6
7,Lorne Gaukrodge,lgaukrodge6@cyberchimps.com,Brazil,8:12,7
8,Carmella Tapenden,ctapenden7@wikipedia.org,China,0:33,8
9,Melonie Bleeze,mbleeze8@uol.com.br,Indonesia,2:28,9
10,Fax Cordaroy,fcordaroy9@i2i.jp,Russia,1:44,10
11,Bord Duguid,bduguida@tiny.cc,Ivory Coast,2:18,11
12,Caye Novotne,cnovotneb@sbwire.com,China,17:55,12
13,Dorolisa Hamblen,dhamblenc@gnu.org,Poland,6:27,13
14,Siusan Essex,sessexd@youtube.com,Ecuador,0:28,14
15,Harley Abyss,habysse@theguardian.com,Poland,15:00,15
16,Arne Serraillier,aserraillierf@reverbnation.com,Ukraine,6:22,16
17,Kit Mushart,kmushartg@slashdot.org,Moldova,0:26,17
18,Sande Doige,sdoigeh@acquirethisname.com,United States,12:43,18
19,Chandra Burnie,cburniei@spiegel.de,Denmark,8:00,19
20,Theresina Phin,tphinj@symantec.com,Japan,15:35,20
21,Renae Badman,rbadmank@auda.org.au,Russia,4:27,21
22,Roma Obal,roball@opensource.org,China,13:48,22
23,Kym Pegg,kpeggm@livejournal.com,Russia,17:17,23
24,Roselin Brounsell,rbrounselln@shutterfly.com,Indonesia,1:48,24
25,Carena Braghini,cbraghinio@skype.com,Croatia,3:55,25
26,Sonia Patton,spattonp@walmart.com,Bulgaria,1:00,26
27,Curtis Faires,cfairesq@xing.com,Serbia,3:58,27
28,Garrick Chandler,gchandlerr@theglobeandmail.com,Indonesia,4:42,28
29,Halli Grunwall,hgrunwalls@cmu.edu,Japan,4:06,29
30,Carolan Redhole,credholet@godaddy.com,Indonesia,16:36,30
31,Cindelyn Butterfield,cbutterfieldu@chicagotribune.com,Brazil,10:03,31
32,Kerry Walbridge,kwalbridgev@chronoengine.com,France,3:15,32
33,Trent Bruyet,tbruyetw@weather.com,Indonesia,19:05,33
34,Amargo Rey,areyx@slashdot.org,Argentina,20:06,34
35,Elinore Bunstone,ebunstoney@mozilla.org,Argentina,1:36,35
36,Bernetta Luety,bluetyz@sciencedaily.com,Indonesia,16:53,36
37,Junette Longega,jlongega10@hibu.com,United States,21:16,37
38,Rebecka Creffeild,rcreffeild11@gnu.org,Indonesia,0:01,38
39,Clo Redihalgh,credihalgh12@google.pl,Peru,9:46,39
40,Sophi Badland,sbadland13@virginia.edu,Barbados,21:22,40
41,Verine Klisch,vklisch14@foxnews.com,Indonesia,7:31,41
42,Josiah Wraight,jwraight15@hibu.com,Philippines,7:20,42
43,Evelyn Jeppe,ejeppe16@umich.edu,Guyana,6:27,43
44,Monroe Carff,mcarff17@people.com.cn,Indonesia,6:37,44
45,Kent Giovannilli,kgiovannilli18@mashable.com,Indonesia,8:53,45
46,Lilla Antoons,lantoons19@mit.edu,Belarus,5:06,46
47,Dynah Heppenspall,dheppenspall1a@taobao.com,United States,2:59,47
48,Tyrus Poland,tpoland1b@qq.com,Serbia,0:40,48
49,Sharl Baiden,sbaiden1c@state.tx.us,Philippines,13:29,49
50,Brandi Latch,blatch1d@slideshare.net,France,4:40,50
51,Averill Hasker,ahasker1e@ebay.com,Canada,22:10,51
52,Aurora Wigelsworth,awigelsworth1f@phpbb.com,Argentina,9:53,52
53,Pincus Breffit,pbreffit1g@usda.gov,China,20:24,53
54,Neil Ivantyev,nivantyev1h@state.tx.us,Indonesia,10:50,54
55,Franky Stert,fstert1i@printfriendly.com,Indonesia,9:18,55
56,Minne Ianelli,mianelli1j@privacy.gov.au,Sierra Leone,10:32,56
57,Derk Sancho,dsancho1k@pcworld.com,Armenia,5:15,57
58,Darsie Braunlein,dbraunlein1l@mail.ru,France,16:24,58
59,Purcell Knevet,pknevet1m@360.cn,China,7:47,59
60,Timmie Hatch,thatch1n@pbs.org,Portugal,7:16,60
61,Jerrold Bestiman,jbestiman1o@bizjournals.com,Indonesia,13:38,61
62,Hobart Whartonby,hwhartonby1p@telegraph.co.uk,Croatia,8:50,62
63,Andrei Gringley,agringley1q@usa.gov,Philippines,18:55,63
64,Jarred MacNamara,jmacnamara1r@abc.net.au,Ireland,19:49,64
65,Towney Dabnor,tdabnor1s@dell.com,Portugal,20:43,65
66,Sacha Shrieve,sshrieve1t@dell.com,France,4:20,66
67,Mareah Torres,mtorres1u@ow.ly,Brazil,6:54,67
68,Reinald M'Chirrie,rmchirrie1v@webnode.com,Brazil,7:39,68
69,Marylinda Lewtey,mlewtey1w@ed.gov,Honduras,5:09,69
70,Mariquilla Friary,mfriary1x@youtu.be,Iran,18:30,70
71,Marcie Goodricke,mgoodricke1y@cbc.ca,Finland,4:24,71
72,Abram Cathro,acathro1z@xrea.com,France,6:58,72
73,Deeann Drinkale,ddrinkale20@sourceforge.net,Venezuela,9:15,73
74,Ronald MacAfee,rmacafee21@quantcast.com,Czech Republic,21:21,74
75,Henderson Tuiller,htuiller22@google.ru,Philippines,6:28,75
76,Mile Toomey,mtoomey23@youku.com,Argentina,0:36,76
77,Jonell Comazzo,jcomazzo24@cmu.edu,Colombia,21:32,77
78,Noelle Izac,nizac25@stumbleupon.com,Guatemala,2:04,78
79,Shell Gascoyen,sgascoyen26@gmpg.org,Philippines,7:46,79
80,Eva Lascelles,elascelles27@pbs.org,Colombia,22:09,80
81,Gracia Kampshell,gkampshell28@mysql.com,Russia,12:12,81
82,Iolanthe Gunney,igunney29@seattletimes.com,Iran,0:45,82
83,Rusty Mowsdell,rmowsdell2a@plala.or.jp,Vietnam,11:30,83
84,Natasha Drinkel,ndrinkel2b@surveymonkey.com,Philippines,18:40,84
85,Robinet Grabham,rgrabham2c@stanford.edu,China,21:40,85
86,Tami Wreiford,twreiford2d@yahoo.com,Czech Republic,6:20,86
87,Lanae Turmall,lturmall2e@networksolutions.com,Germany,2:55,87
88,Svend Goch,sgoch2f@symantec.com,Thailand,21:44,88
89,Cherin Winney,cwinney2g@eventbrite.com,Pakistan,6:59,89
90,Pancho Kevern,pkevern2h@bizjournals.com,Indonesia,15:11,90
91,Bettye Boobyer,bboobyer2i@shutterfly.com,Indonesia,18:18,91
92,Glennis McArtan,gmcartan2j@wix.com,China,7:11,92
93,Adel Jobey,ajobey2k@fc2.com,Indonesia,1:19,93
94,Kathlin Cheley,kcheley2l@marriott.com,Peru,15:24,94
95,Vitia Benedidick,vbenedidick2m@bbc.co.uk,France,16:12,95
96,Maura Dranfield,mdranfield2n@jiathis.com,Thailand,7:01,96
97,Dorolisa Bidewell,dbidewell2o@pinterest.com,China,6:47,97
98,Milena McGready,mmcgready2p@amazon.co.uk,China,5:57,98
99,Dawna Ellor,dellor2q@princeton.edu,Venezuela,18:06,99
100,Bird MacGhee,bmacghee2r@aboutads.info,China,5:02,100
101,Tansy Oyley,toyley2s@census.gov,Indonesia,23:45,101
102,Merrielle Innocenti,minnocenti2t@tripod.com,Indonesia,10:09,102
103,Easter Postance,epostance2u@indiegogo.com,Nigeria,20:42,103
104,Anny Duckham,aduckham2v@admin.ch,Greece,14:36,104
105,Andrus Inglesent,ainglesent2w@ibm.com,Thailand,20:14,105
106,Abramo Chattaway,achattaway2x@pbs.org,Cape Verde,17:12,106
107,Nedda Mibourne,nmibourne2y@linkedin.com,China,11:44,107
108,Elisa Philippou,ephilippou2z@so-net.ne.jp,Bulgaria,4:29,108
109,Piggy Northcott,pnorthcott30@icq.com,France,5:36,109
110,Hilarius De Bernardi,hde31@ed.gov,Norway,13:19,110
111,Janna Ambrose,jambrose32@va.gov,China,10:33,111
112,Olivie Lennie,olennie33@accuweather.com,Portugal,14:07,112
113,Shaughn Gipp,sgipp34@clickbank.net,Dominican Republic,22:48,113
114,Kimball Saker,ksaker35@europa.eu,Indonesia,3:08,114
115,Cesaro Belbin,cbelbin36@dmoz.org,Philippines,22:45,115
116,Bethanne Sponton,bsponton37@wisc.edu,Poland,23:01,116
117,Gusti Andreucci,gandreucci38@pagesperso-orange.fr,Philippines,10:24,117
118,Gale Bullimore,gbullimore39@lycos.com,Indonesia,11:46,118
119,Gael Albarez,galbarez3a@slideshare.net,Israel,3:29,119
120,Pegeen Lashford,plashford3b@thetimes.co.uk,France,9:08,120
121,Zachary Naldrett,znaldrett3c@barnesandnoble.com,Comoros,0:05,121
122,Hakim Cornforth,hcornforth3d@sfgate.com,China,14:14,122
123,Eulalie Tincombe,etincombe3e@tmall.com,China,1:08,123
124,Byran Finker,bfinker3f@histats.com,Indonesia,3:10,124
125,Katharyn Just,kjust3g@uiuc.edu,Indonesia,20:25,125
126,Lilian Donwell,ldonwell3h@bigcartel.com,Thailand,23:51,126
127,Tiffie Eyres,teyres3i@jigsy.com,China,9:47,127
128,Bianka Shires,bshires3j@networksolutions.com,China,21:41,128
129,Emmery Marshall,emarshall3k@slideshare.net,United States,7:54,129
130,Glenda Cowherd,gcowherd3l@stanford.edu,Mexico,6:36,130
131,Giles Camin,gcamin3m@goo.gl,Mexico,12:59,131
132,Worth Soppett,wsoppett3n@cornell.edu,Russia,17:20,132
133,Laverne Stevenson,lstevenson3o@nyu.edu,China,15:13,133
134,Fabe Plesing,fplesing3p@free.fr,Portugal,14:57,134
135,Paloma Reihm,preihm3q@chicagotribune.com,Indonesia,7:53,135
136,Vanya Sandle,vsandle3r@yahoo.com,Albania,6:06,136
137,Ceil Alldis,calldis3s@pen.io,China,7:33,137
138,Marleah Hamlet,mhamlet3t@marriott.com,Sweden,4:19,138
139,Mora Kubat,mkubat3u@newsvine.com,Czech Republic,7:44,139
140,Melinda Tabourel,mtabourel3v@economist.com,Ukraine,23:49,140
141,Rosina Josuweit,rjosuweit3w@ucsd.edu,Indonesia,7:05,141
142,Patrizio Ritch,pritch3x@smh.com.au,Argentina,6:30,142
143,Kiley Ilive,kilive3y@dedecms.com,Indonesia,3:47,143
144,Jillie Orteaux,jorteaux3z@mashable.com,Russia,4:00,144
145,Butch Kubacek,bkubacek40@homestead.com,Portugal,3:05,145
146,Annalee Mawhinney,amawhinney41@baidu.com,Argentina,16:06,146
147,Brunhilda Antyshev,bantyshev42@histats.com,Serbia,20:38,147
148,Leesa Mateiko,lmateiko43@lycos.com,Poland,16:32,148
149,Dori Stebbings,dstebbings44@addtoany.com,France,4:09,149
150,Morlee Blazynski,mblazynski45@imdb.com,Sweden,4:55,150
151,Hew Zanetti,hzanetti46@spiegel.de,Russia,1:03,151
152,Dotti Yea,dyea47@yellowbook.com,Yemen,8:05,152
153,Hernando Skillicorn,hskillicorn48@bluehost.com,Albania,9:38,153
154,Hyacintha Stopforth,hstopforth49@sciencedaily.com,Sweden,14:58,154
155,Noellyn Greeves,ngreeves4a@scientificamerican.com,China,6:18,155
156,Morganica Caudle,mcaudle4b@comcast.net,Bulgaria,5:18,156
157,Lars De Minico,lde4c@loc.gov,Indonesia,19:13,157
158,Tani Andri,tandri4d@wikispaces.com,Russia,7:36,158
159,Bradford Grise,bgrise4e@unesco.org,Ukraine,7:29,159
160,Bent Hayhow,bhayhow4f@gov.uk,Brazil,20:08,160
161,Riordan Oaks,roaks4g@storify.com,Mexico,16:46,161
162,Phedra Barrows,pbarrows4h@trellian.com,Albania,9:07,162
163,Onfroi Loomis,oloomis4i@tumblr.com,Paraguay,22:47,163
164,Mellisa Birkenshaw,mbirkenshaw4j@edublogs.org,China,17:32,164
165,Jorrie Rodman,jrodman4k@aol.com,Russia,8:41,165
166,Janifer Mahaddie,jmahaddie4l@netvibes.com,Dominican Republic,12:10,166
167,Danie Hulance,dhulance4m@imgur.com,Greece,2:42,167
168,Hermie Remirez,hremirez4n@icq.com,China,10:39,168
169,Marna Monroe,mmonroe4o@ihg.com,Bulgaria,22:33,169
170,Dominique Paske,dpaske4p@diigo.com,China,16:10,170
171,Guillema Walicki,gwalicki4q@google.com,Thailand,19:42,171
172,Wanids Galego,wgalego4r@samsung.com,Czech Republic,8:50,172
173,Feodor Rolley,frolley4s@desdev.cn,Ukraine,8:30,173
174,Budd McLagan,bmclagan4t@whitehouse.gov,Iran,19:18,174
175,Wyn Redgrave,wredgrave4u@macromedia.com,Canada,4:15,175
176,Cassey Heymes,cheymes4v@networkadvertising.org,Kenya,9:32,176
177,Merna Diggin,mdiggin4w@foxnews.com,Vietnam,15:05,177
178,Tammara Hug,thug4x@princeton.edu,China,7:14,178
179,Luciano Roycroft,lroycroft4y@themeforest.net,Indonesia,23:01,179
180,Livvy Kleen,lkleen4z@cloudflare.com,Indonesia,16:31,180
181,Aharon Cripwell,acripwell50@accuweather.com,Thailand,16:08,181
182,Ignacio Subhan,isubhan51@baidu.com,United States,1:09,182
183,Conrado Troutbeck,ctroutbeck52@canalblog.com,Colombia,23:55,183
184,Mordy Sherreard,msherreard53@blogger.com,China,2:28,184
185,Kakalina Moss,kmoss54@reverbnation.com,Indonesia,12:39,185
186,Dagmar Bernardon,dbernardon55@patch.com,Ukraine,8:18,186
187,Aloin Elvidge,aelvidge56@vimeo.com,China,12:54,187
188,Gwendolin Teulier,gteulier57@nydailynews.com,United States,15:26,188
189,Jacenta Ledbury,jledbury58@cisco.com,Madagascar,3:08,189
190,Gwenneth Grange,ggrange59@qq.com,Indonesia,15:44,190
191,Ricky Feare,rfeare5a@blinklist.com,China,9:10,191
192,Renato Schuchmacher,rschuchmacher5b@ovh.net,Vietnam,16:25,192
193,Ida Loyley,iloyley5c@nyu.edu,Indonesia,13:18,193
194,Annabell McVrone,amcvrone5d@guardian.co.uk,Czech Republic,19:48,194
195,Tailor Goodley,tgoodley5e@qq.com,Poland,15:50,195
196,Sandor Walshaw,swalshaw5f@spotify.com,China,22:41,196
197,Electra Dilon,edilon5g@goo.ne.jp,Portugal,1:31,197
198,Gavra Ellingsworth,gellingsworth5h@ning.com,Luxembourg,7:53,198
199,Reinold Daniellot,rdaniellot5i@discovery.com,Colombia,2:14,199
200,Petrina Sigward,psigward5j@apple.com,Portugal,13:06,200
201,Shela Rowcliffe,srowcliffe5k@dailymail.co.uk,Russia,3:21,201
202,Merline Junkin,mjunkin5l@bloomberg.com,Ukraine,15:56,202
203,Ronny Benson,rbenson5m@indiatimes.com,Pakistan,18:35,203
204,Petunia Durkin,pdurkin5n@toplist.cz,Latvia,16:16,204
205,Beatrix Insull,binsull5o@washingtonpost.com,Poland,7:20,205
206,Goober Whitley,gwhitley5p@buzzfeed.com,China,12:33,206
207,Heywood Primrose,hprimrose5q@aboutads.info,Mexico,21:33,207
208,Mercie Broadnicke,mbroadnicke5r@yellowpages.com,Peru,17:28,208
209,Novelia Dear,ndear5s@google.com.br,China,3:20,209
210,Trenton Reeders,treeders5t@themeforest.net,Iran,23:50,210
211,Bevan Naldrett,bnaldrett5u@parallels.com,China,3:51,211
212,Ermanno Duke,eduke5v@redcross.org,New Caledonia,17:40,212
213,Teodor Morphet,tmorphet5w@photobucket.com,Colombia,7:23,213
214,Nicholas Jiroutek,njiroutek5x@wufoo.com,Russia,6:55,214
215,Wendel Feldhuhn,wfeldhuhn5y@digg.com,Brazil,13:41,215
216,Selig Demeter,sdemeter5z@webnode.com,Philippines,16:40,216
217,Hillary Tapping,htapping60@gov.uk,Japan,3:36,217
218,Charissa Coulsen,ccoulsen61@discovery.com,Namibia,23:37,218
219,Blondy Full,bfull62@qq.com,Honduras,7:09,219
220,Shelton Abramamovh,sabramamovh63@bigcartel.com,China,13:24,220
221,Levey Fursey,lfursey64@tripod.com,Brazil,23:41,221
222,Jeramie Satford,jsatford65@ted.com,China,15:10,222
223,Jessika Latus,jlatus66@mapy.cz,Ecuador,17:52,223
224,Wynn Offer,woffer67@webeden.co.uk,Philippines,1:13,224
225,Rozele Brayson,rbrayson68@cnbc.com,Russia,4:34,225
226,Dre Michelotti,dmichelotti69@reddit.com,Sierra Leone,2:57,226
227,Sam Lubbock,slubbock6a@drupal.org,Latvia,4:59,227
228,Hildegarde Stearley,hstearley6b@cisco.com,Portugal,21:58,228
229,Renado Hrishanok,rhrishanok6c@wunderground.com,Russia,11:51,229
230,Bernice Yorke,byorke6d@google.de,Indonesia,12:08,230
231,Cherie Kinsey,ckinsey6e@furl.net,Portugal,16:20,231
232,Creigh Ferretti,cferretti6f@wix.com,Brazil,19:26,232
233,Agnesse Ruckledge,aruckledge6g@sohu.com,Sweden,17:34,233
234,Angie Mattiacci,amattiacci6h@goodreads.com,Italy,9:55,234
235,Gibb Devenport,gdevenport6i@dion.ne.jp,Canada,11:56,235
236,Debee Jaimez,djaimez6j@delicious.com,Brazil,19:13,236
237,Humberto O' Flaherty,ho6k@addthis.com,France,10:49,237
238,Dyna Wistance,dwistance6l@linkedin.com,Dominican Republic,17:11,238
239,Lizbeth Weildish,lweildish6m@ezinearticles.com,Portugal,13:56,239
240,Charity Lycett,clycett6n@bbb.org,China,2:56,240
241,Kym Whellams,kwhellams6o@state.gov,China,3:01,241
242,Chery Morgon,cmorgon6p@cmu.edu,Iran,9:59,242
243,Murvyn Shilliday,mshilliday6q@wikimedia.org,Panama,0:30,243
244,Wileen Piddle,wpiddle6r@qq.com,Uganda,22:51,244
245,Israel Klaiser,iklaiser6s@dmoz.org,Mexico,5:26,245
246,Eileen Rudgley,erudgley6t@furl.net,Poland,19:29,246
247,Jolyn O'Reagan,joreagan6u@spiegel.de,Peru,7:27,247
248,Winna Cressingham,wcressingham6v@hao123.com,China,10:34,248
249,Coop Corkan,ccorkan6w@slashdot.org,France,8:48,249
250,Sunshine Bamfield,sbamfield6x@odnoklassniki.ru,Mongolia,18:38,250
251,Callean Sudell,csudell6y@ihg.com,Philippines,9:59,251
252,Aloysia Pre,apre6z@themeforest.net,Brazil,4:14,252
253,Florencia Huyghe,fhuyghe70@npr.org,China,11:50,253
254,Cherlyn Escolme,cescolme71@ameblo.jp,China,20:15,254
255,Teodoor Mundell,tmundell72@soup.io,China,2:57,255
256,Bevon Hemms,bhemms73@meetup.com,Czech Republic,6:25,256
257,Morganica Epilet,mepilet74@eepurl.com,Angola,2:00,257
258,Viole Helliker,vhelliker75@pagesperso-orange.fr,Turkmenistan,7:43,258
259,Keven Peron,kperon76@fastcompany.com,United Kingdom,23:42,259
260,Alisun Johnstone,ajohnstone77@cornell.edu,Mexico,3:28,260
261,Monica Bernardon,mbernardon78@google.pl,Indonesia,14:53,261
262,Tymon Sanches,tsanches79@drupal.org,China,21:47,262
263,Florette Aizikov,faizikov7a@unesco.org,France,3:46,263
264,Octavia Eastwood,oeastwood7b@constantcontact.com,Japan,2:03,264
265,Darlene Snazel,dsnazel7c@networkadvertising.org,China,17:27,265
266,Isa Pennrington,ipennrington7d@hc360.com,Indonesia,6:35,266
267,Mady Verrill,mverrill7e@slashdot.org,Ukraine,17:40,267
268,Eachelle Dark,edark7f@mediafire.com,Indonesia,12:31,268
269,Arlan Tedorenko,atedorenko7g@va.gov,Thailand,20:29,269
270,Shela Antwis,santwis7h@taobao.com,Japan,15:17,270
271,Cordell Molian,cmolian7i@friendfeed.com,Indonesia,4:28,271
272,Lyn Laxtonne,llaxtonne7j@nasa.gov,Canada,2:41,272
273,Rossy Longcake,rlongcake7k@altervista.org,Angola,12:31,273
274,Johnathan Neles,jneles7l@joomla.org,United States,3:39,274
275,Teri Ianiello,tianiello7m@miitbeian.gov.cn,Latvia,20:48,275
276,Dirk Amoore,damoore7n@hp.com,China,12:11,276
277,Dedie Hinrich,dhinrich7o@posterous.com,Ukraine,14:00,277
278,Jenilee Heeney,jheeney7p@ca.gov,Russia,5:59,278
279,Mari Warr,mwarr7q@google.fr,Canada,9:03,279
280,Sig Lewry,slewry7r@nsw.gov.au,Montenegro,20:19,280
281,Rhona Dales,rdales7s@forbes.com,China,9:47,281
282,Katharina Durtnal,kdurtnal7t@slashdot.org,Portugal,3:11,282
283,Marie-ann Heyburn,mheyburn7u@github.com,France,11:45,283
284,Clevie De Vile,cde7v@typepad.com,France,16:36,284
285,Rollo Tremberth,rtremberth7w@clickbank.net,Poland,2:43,285
286,Rolland Sunman,rsunman7x@comcast.net,Philippines,18:48,286
287,Margaret Lisciardelli,mlisciardelli7y@wix.com,Indonesia,8:27,287
288,Diannne Olford,dolford7z@diigo.com,Uganda,20:26,288
289,Natalie Matis,nmatis80@nhs.uk,China,20:40,289
290,Ansley Crollman,acrollman81@ocn.ne.jp,Palestinian Territory,22:34,290
291,Berna Fearnley,bfearnley82@canalblog.com,United States,17:48,291
292,Joshua Merriman,jmerriman83@yandex.ru,Czech Republic,0:25,292
293,Johannes Guisby,jguisby84@disqus.com,Russia,10:15,293
294,Elana Jermyn,ejermyn85@disqus.com,China,20:25,294
295,Minnaminnie Tull,mtull86@dropbox.com,Poland,23:52,295
296,Robinson Naul,rnaul87@skyrock.com,Indonesia,4:39,296
297,Biddy Gillford,bgillford88@dion.ne.jp,Indonesia,9:42,297
298,Henryetta Isacsson,hisacsson89@dyndns.org,Palau,21:32,298
299,Cristin Evitt,cevitt8a@fema.gov,Netherlands,9:28,299
300,Marve Levi,mlevi8b@eepurl.com,Cameroon,17:04,300
301,Alwin Hinrichs,ahinrichs8c@dyndns.org,China,1:30,301
302,Minna Bourhill,mbourhill8d@tamu.edu,Indonesia,11:23,302
303,Patricia Fullilove,pfullilove8e@plala.or.jp,China,7:09,303
304,Geri Kenwell,gkenwell8f@ucoz.com,Uzbekistan,4:12,304
305,Ingram Billson,ibillson8g@icio.us,Sweden,5:32,305
306,Jacky Caswall,jcaswall8h@bigcartel.com,Nicaragua,19:32,306
307,Hetti Berkery,hberkery8i@ovh.net,China,18:40,307
308,Elnora Autie,eautie8j@histats.com,Macedonia,10:05,308
309,Laural Segge,lsegge8k@phoca.cz,China,22:26,309
310,Sven Brislawn,sbrislawn8l@comcast.net,Thailand,17:47,310
311,Astra Cuel,acuel8m@reverbnation.com,Syria,7:18,311
312,Keeley Finessy,kfinessy8n@dion.ne.jp,Lesotho,17:14,312
313,Morgan Lloyd,mlloyd8o@wsj.com,Panama,9:17,313
314,Winne Seemmonds,wseemmonds8p@wunderground.com,Peru,9:14,314
315,Elizabeth Matley,ematley8q@51.la,France,5:24,315
316,Jordana Duplan,jduplan8r@arstechnica.com,France,17:19,316
317,Beatriz McTrustam,bmctrustam8s@opera.com,China,14:51,317
318,Margeaux Barme,mbarme8t@desdev.cn,Philippines,17:44,318
319,Barbara Gemelli,bgemelli8u@w3.org,China,5:24,319
320,Tito Adelberg,tadelberg8v@jiathis.com,Peru,11:39,320
321,Land Scamp,lscamp8w@opensource.org,Portugal,5:23,321
322,Gordan Kuschek,gkuschek8x@reverbnation.com,China,22:49,322
323,Jacinda Legon,jlegon8y@mashable.com,Palestinian Territory,15:10,323
324,Hans Rice,hrice8z@yolasite.com,Uganda,13:26,324
325,Derry Eccleshare,deccleshare90@spotify.com,Brazil,16:52,325
326,Jonathan Garza,jgarza91@spotify.com,China,22:34,326
327,Teddie Josefsson,tjosefsson92@soup.io,Indonesia,14:20,327
328,Lola Geraudy,lgeraudy93@homestead.com,Bolivia,14:24,328
329,Alfons Fear,afear94@t-online.de,Indonesia,9:52,329
330,Sharona Fandrich,sfandrich95@fda.gov,Japan,19:43,330
331,Dionisio Crother,dcrother96@ox.ac.uk,Brazil,4:10,331
332,Ferdinanda Uvedale,fuvedale97@aboutads.info,Indonesia,10:46,332
333,Steffi Abrahams,sabrahams98@hubpages.com,Portugal,1:23,333
334,Cy Slegg,cslegg99@issuu.com,Canada,1:15,334
335,Tersina MacParlan,tmacparlan9a@usatoday.com,Portugal,8:00,335
336,Leroy Witherdon,lwitherdon9b@umn.edu,Guatemala,5:43,336
337,Carolee Brind,cbrind9c@comsenz.com,Tanzania,23:13,337
338,Rozalie Milborn,rmilborn9d@jigsy.com,Ukraine,14:38,338
339,Dom MacPaden,dmacpaden9e@answers.com,Brazil,10:45,339
340,Alick Coghill,acoghill9f@ucoz.ru,Norway,5:42,340
341,Lenora Carnelley,lcarnelley9g@marketwatch.com,Armenia,6:48,341
342,Brittan Castelluzzi,bcastelluzzi9h@i2i.jp,Estonia,10:32,342
343,Fernanda McKeating,fmckeating9i@ocn.ne.jp,Peru,5:02,343
344,Andy Thynn,athynn9j@huffingtonpost.com,China,17:03,344
345,Hube Sumsion,hsumsion9k@timesonline.co.uk,Poland,4:15,345
346,Gerianne Livsey,glivsey9l@blogtalkradio.com,Pakistan,7:42,346
347,Hillyer Veart,hveart9m@sciencedaily.com,France,2:55,347
348,Patti Jojic,pjojic9n@symantec.com,Uzbekistan,8:49,348
349,Say Itchingham,sitchingham9o@g.co,Nigeria,16:04,349
350,Fred Jados,fjados9p@yahoo.co.jp,Sweden,2:47,350
351,Wynnie Limer,wlimer9q@delicious.com,China,2:55,351
352,Murdock Ullett,mullett9r@ftc.gov,Poland,8:23,352
353,Langsdon MacRory,lmacrory9s@answers.com,Mexico,12:00,353
354,Garwin Sliney,gsliney9t@vk.com,Tanzania,20:53,354
355,Babette Ketcher,bketcher9u@deliciousdays.com,Madagascar,1:12,355
356,Jobina Alty,jalty9v@dion.ne.jp,Japan,21:08,356
357,Kean Hayfield,khayfield9w@mayoclinic.com,Indonesia,13:07,357
358,Ally Chaloner,achaloner9x@zimbio.com,Ukraine,18:09,358
359,Peggy Gallanders,pgallanders9y@ca.gov,Sweden,1:04,359
360,Kipp Brittian,kbrittian9z@ed.gov,Paraguay,16:54,360
361,Natal Dominetti,ndominettia0@nsw.gov.au,China,15:52,361
362,Krissie Hubbuck,khubbucka1@go.com,Yemen,4:44,362
363,Paquito Fattori,pfattoria2@ucoz.com,Pakistan,8:29,363
364,Justus Olek,joleka3@opensource.org,Indonesia,18:00,364
365,Dante Patsall,dpatsalla4@yahoo.co.jp,United States,17:39,365
366,Torrie MacArd,tmacarda5@mit.edu,China,11:25,366
367,Nickolas Micallef,nmicallefa6@sphinn.com,Greece,8:38,367
368,Robin Farren,rfarrena7@bloglovin.com,Ukraine,1:02,368
369,Jemmy Doerling,jdoerlinga8@taobao.com,United States,23:24,369
370,Elset Snarr,esnarra9@themeforest.net,Belarus,2:46,370
371,Bran Raecroft,braecroftaa@auda.org.au,Cuba,2:13,371
372,Cyb Andreou,candreouab@washingtonpost.com,South Africa,7:05,372
373,Monte Marder,mmarderac@cnn.com,Sweden,5:03,373
374,Coralie Beer,cbeerad@netscape.com,Finland,20:38,374
375,Angela Mardoll,amardollae@washington.edu,Indonesia,9:06,375
376,Griffie Hadny,ghadnyaf@cdbaby.com,Sweden,10:58,376
377,Hattie McLeary,hmclearyag@wp.com,Czech Republic,2:16,377
378,Brett Heyns,bheynsah@aol.com,Dominican Republic,20:10,378
379,Miriam Alasdair,malasdairai@weibo.com,Czech Republic,10:33,379
380,Rachele O'Looney,rolooneyaj@360.cn,Indonesia,9:45,380
381,Madelene Lyfield,mlyfieldak@sakura.ne.jp,Bolivia,14:19,381
382,Kayley McSorley,kmcsorleyal@senate.gov,Colombia,1:53,382
383,Lorianna Greenman,lgreenmanam@wikimedia.org,Bolivia,6:01,383
384,Viki Jorn,vjornan@edublogs.org,Paraguay,19:36,384
385,Lois Faveryear,lfaveryearao@bloglovin.com,Poland,8:43,385
386,Susana Hudson,shudsonap@furl.net,Chile,14:35,386
387,Horatius Neate,hneateaq@twitter.com,China,22:57,387
388,Fairlie Caltera,fcalteraar@google.ru,France,12:33,388
389,Lion Brann,lbrannas@bing.com,China,7:56,389
390,Justin Kloisner,jkloisnerat@weebly.com,United States,6:06,390
391,Eustacia Kennaway,ekennawayau@java.com,China,6:13,391
392,Arel Levecque,alevecqueav@netlog.com,Germany,12:16,392
393,Vivianne Edgcumbe,vedgcumbeaw@cdc.gov,Poland,5:01,393
394,Franklyn Pettiford,fpettifordax@123-reg.co.uk,Philippines,13:42,394
395,Thurston Dearnley,tdearnleyay@mediafire.com,Indonesia,11:07,395
396,Raymund Horribine,rhorribineaz@biblegateway.com,Albania,1:50,396
397,Devan Forrester,dforresterb0@admin.ch,Philippines,2:46,397
398,Sayers Attle,sattleb1@digg.com,Indonesia,19:58,398
399,Danette Tran,dtranb2@deviantart.com,Brazil,2:38,399
400,Verney Georg,vgeorgb3@unicef.org,South Africa,14:21,400
401,Dode Raylton,drayltonb4@go.com,China,2:55,401
402,Dallon Milbourn,dmilbournb5@house.gov,Greece,2:21,402
403,Ebeneser Gianuzzi,egianuzzib6@myspace.com,Pakistan,16:01,403
404,Dannye Laugier,dlaugierb7@stanford.edu,France,3:49,404
405,Pauline Vedikhov,pvedikhovb8@free.fr,Estonia,20:25,405
406,Laural Glassford,lglassfordb9@businesswire.com,Japan,15:11,406
407,Lea Rivlin,lrivlinba@netscape.com,Russia,11:08,407
408,Keane Brosenius,kbroseniusbb@furl.net,Maldives,6:05,408
409,Bev Scully,bscullybc@t-online.de,China,23:35,409
410,Merilyn Warratt,mwarrattbd@technorati.com,Philippines,14:42,410
411,Ferdinand Scholling,fschollingbe@icq.com,Russia,17:56,411
412,Lorilee Fury,lfurybf@ocn.ne.jp,Malaysia,17:08,412
413,Walliw McMillan,wmcmillanbg@nydailynews.com,Switzerland,7:03,413
414,Christine Warmisham,cwarmishambh@flavors.me,China,17:48,414
415,Bartel Puvia,bpuviabi@blogger.com,Indonesia,7:29,415
416,Heddi Wyke,hwykebj@forbes.com,China,11:30,416
417,Elton Millett,emillettbk@google.com.br,Indonesia,12:34,417
418,Noland Jerwood,njerwoodbl@gmpg.org,Ecuador,3:58,418
419,Neala Wey,nweybm@usatoday.com,Philippines,1:46,419
420,Nikolas Langford,nlangfordbn@plala.or.jp,Vietnam,1:22,420
421,Melany Jasiak,mjasiakbo@slate.com,Brazil,1:12,421
422,Richardo Clegg,rcleggbp@buzzfeed.com,Malaysia,14:18,422
423,Ellen Seamons,eseamonsbq@sina.com.cn,Nigeria,0:29,423
424,Hillel Samworth,hsamworthbr@businessinsider.com,Philippines,21:45,424
425,Mycah Rumin,mruminbs@mapy.cz,Philippines,3:10,425
426,Nicholas Dugdale,ndugdalebt@deviantart.com,China,20:46,426
427,Brennan Linford,blinfordbu@si.edu,China,6:06,427
428,Sanson Antonioni,santonionibv@devhub.com,Mexico,5:34,428
429,Tiffy Truitt,ttruittbw@fotki.com,Canada,7:22,429
430,Erie Gennerich,egennerichbx@imageshack.us,China,12:22,430
431,Tripp Stefanovic,tstefanovicby@wunderground.com,China,8:51,431
432,Dania Kumaar,dkumaarbz@vinaora.com,Greece,20:47,432
433,Wilhelmine Ranking,wrankingc0@harvard.edu,Poland,19:02,433
434,Ray Crossgrove,rcrossgrovec1@icio.us,Indonesia,2:59,434
435,Ryan Wearing,rwearingc2@virginia.edu,Portugal,17:41,435
436,Ambrosius Pilch,apilchc3@zdnet.com,Russia,7:46,436
437,Wat Ducker,wduckerc4@thetimes.co.uk,Pakistan,1:16,437
438,Preston Mulleary,pmullearyc5@blinklist.com,Morocco,0:51,438
439,Briggs Newart,bnewartc6@ihg.com,China,23:06,439
440,Arch Andreasson,aandreassonc7@github.com,Philippines,4:28,440
441,Arther Banton,abantonc8@illinois.edu,France,2:12,441
442,Ian Heppenspall,iheppenspallc9@cmu.edu,Poland,11:45,442
443,Becka Drache,bdracheca@wsj.com,China,20:22,443
444,Aleta Roelofs,aroelofscb@usgs.gov,Thailand,7:15,444
445,Bartram Stallibrass,bstallibrasscc@biglobe.ne.jp,Canada,6:35,445
446,Janetta Shewry,jshewrycd@google.com.au,China,17:28,446
447,Ancell Haulkham,ahaulkhamce@epa.gov,Uganda,5:59,447
448,Horton Leggan,hleggancf@aboutads.info,Zimbabwe,13:04,448
449,Lauraine Broggelli,lbroggellicg@uol.com.br,Slovenia,5:02,449
450,Aggi Pennycord,apennycordch@shutterfly.com,Poland,7:38,450
451,Tommie Tanswell,ttanswellci@virginia.edu,Philippines,15:01,451
452,Vanny O'Crowley,vocrowleycj@tamu.edu,Georgia,4:25,452
453,Sibley Gander,sganderck@ihg.com,Indonesia,11:42,453
454,Neille Quittonden,nquittondencl@yale.edu,Philippines,13:32,454
455,Kaine Redford,kredfordcm@ox.ac.uk,Yemen,3:31,455
456,Mitchael Gonzalvo,mgonzalvocn@addtoany.com,Indonesia,9:41,456
457,Johan Vase,jvaseco@hibu.com,China,10:28,457
458,Virginie Chritchley,vchritchleycp@webmd.com,Poland,10:52,458
459,Merna Stables,mstablescq@jigsy.com,Sweden,7:24,459
460,Domini Lanchbery,dlanchberycr@google.it,Philippines,15:04,460
461,Ethelind Etches,eetchescs@github.io,Burundi,10:14,461
462,Paxon Gledhill,pgledhillct@arstechnica.com,China,6:39,462
463,Tanhya Merioth,tmeriothcu@wired.com,Colombia,7:03,463
464,Carri Jzhakov,cjzhakovcv@mapy.cz,Indonesia,18:18,464
465,Craggy Lapree,clapreecw@msu.edu,Finland,18:20,465
466,Blake Darcey,bdarceycx@engadget.com,United States,2:57,466
467,Sawyere Philler,sphillercy@behance.net,China,18:00,467
468,Natividad Glanert,nglanertcz@artisteer.com,Colombia,10:51,468
469,Frazer Lauritzen,flauritzend0@dmoz.org,Brazil,4:12,469
470,Lorin Stent,lstentd1@lulu.com,Botswana,8:06,470
471,Norry MacLese,nmaclesed2@ucsd.edu,Slovenia,1:38,471
472,Herb Harg,hhargd3@sciencedirect.com,Bosnia and Herzegovina,12:33,472
473,Laraine Kenson,lkensond4@free.fr,Malta,16:06,473
474,Doy Rossbrook,drossbrookd5@etsy.com,Portugal,18:07,474
475,Drew Willgrass,dwillgrassd6@alexa.com,Thailand,15:28,475
476,Karney Spurdon,kspurdond7@cnet.com,China,21:30,476
477,Rozele Durtnel,rdurtneld8@unicef.org,China,20:07,477
478,Kienan Gammons,kgammonsd9@archive.org,Philippines,5:15,478
479,Felita Hacking,fhackingda@vistaprint.com,Portugal,12:23,479
480,Freemon Pastor,fpastordb@biglobe.ne.jp,Guatemala,22:53,480
481,Marcelle Paffley,mpaffleydc@hostgator.com,Croatia,5:11,481
482,Isabelita Traut,itrautdd@sohu.com,Iran,23:02,482
483,Asher Loiterton,aloitertonde@geocities.com,Russia,2:18,483
484,Paten Milbank,pmilbankdf@hatena.ne.jp,China,16:00,484
485,Cissy Sendall,csendalldg@upenn.edu,China,1:13,485
486,Bibbye Warlawe,bwarlawedh@berkeley.edu,Brazil,20:23,486
487,Wain Abad,wabaddi@intel.com,Philippines,9:03,487
488,Euphemia Form,eformdj@umich.edu,China,16:34,488
489,Ailsun Cosford,acosforddk@microsoft.com,Philippines,0:20,489
490,Donnajean McGee,dmcgeedl@gov.uk,Poland,20:12,490
491,Allissa Gavrielly,agavriellydm@buzzfeed.com,Germany,23:45,491
492,Brod MacTague,bmactaguedn@elegantthemes.com,Czech Republic,12:08,492
493,Minda Ledley,mledleydo@i2i.jp,Indonesia,3:15,493
494,Haley Feldstern,hfeldsterndp@nbcnews.com,Germany,16:34,494
495,Zandra Gegay,zgegaydq@ed.gov,China,17:42,495
496,Olav Fidock,ofidockdr@auda.org.au,Serbia,18:08,496
497,Ximenes Whife,xwhifeds@elpais.com,Portugal,7:21,497
498,Rowe Koppeck,rkoppeckdt@army.mil,Thailand,8:15,498
499,Henrieta Brennan,hbrennandu@netscape.com,Australia,20:29,499
500,Silvana Buffery,sbufferydv@webs.com,Argentina,14:16,500
501,Kathye Synder,ksynderdw@mozilla.com,China,22:59,501
502,Nevil Airey,naireydx@cyberchimps.com,United States,10:13,502
503,Esma Britner,ebritnerdy@chronoengine.com,China,17:35,503
504,Lory Petett,lpetettdz@gravatar.com,Kenya,8:48,504
505,Brennan Vedekhov,bvedekhove0@macromedia.com,Indonesia,10:53,505
506,Tomkin Kleint,tkleinte1@aol.com,Brazil,16:54,506
507,Xerxes Bewsey,xbewseye2@buzzfeed.com,Democratic Republic of the Congo,15:57,507
508,Jocelin Jessard,jjessarde3@newyorker.com,Indonesia,12:16,508
509,Guy Leiden,gleidene4@flickr.com,Ukraine,15:42,509
510,Lorrin Yokel,lyokele5@eventbrite.com,China,23:03,510
511,Timofei Picker,tpickere6@ucoz.com,Iran,16:46,511
512,Casar Saffer,csaffere7@csmonitor.com,Greece,3:02,512
513,Arther Kinnerk,akinnerke8@hud.gov,Japan,18:35,513
514,Durand Pinnijar,dpinnijare9@sbwire.com,China,1:52,514
515,Artemis Minister,aministerea@unblog.fr,France,9:18,515
516,Sari Abele,sabeleeb@oaic.gov.au,Peru,19:42,516
517,Wynnie Gardener,wgardenerec@youtube.com,Malta,1:30,517
518,Randie Urrey,rurreyed@hostgator.com,Indonesia,20:51,518
519,Smith Crinion,scrinionee@admin.ch,Sweden,13:20,519
520,Dulcea Froud,dfroudef@miitbeian.gov.cn,Indonesia,13:37,520
521,Kalle Bilbrey,kbilbreyeg@indiegogo.com,Pakistan,16:56,521
522,Abdul Boyen,aboyeneh@taobao.com,Colombia,16:14,522
523,Lida Stellman,lstellmanei@berkeley.edu,Poland,22:27,523
524,Gerladina Mostyn,gmostynej@zdnet.com,United States,20:43,524
525,Jamil Tyer,jtyerek@histats.com,Russia,11:33,525
526,Becki Margett,bmargettel@example.com,Russia,19:24,526
527,Sargent Tomek,stomekem@themeforest.net,France,11:29,527
528,Chiquia Kille,ckilleen@csmonitor.com,China,10:48,528
529,Halette Mugleston,hmuglestoneo@bluehost.com,Israel,3:23,529
530,Kristen Roggers,kroggersep@gizmodo.com,Poland,9:58,530
531,Stan Prevost,sprevosteq@gnu.org,Philippines,16:03,531
532,Loise Semper,lsemperer@studiopress.com,Uganda,11:37,532
533,Riannon Bearham,rbearhames@163.com,Mongolia,22:17,533
534,Ronda Boughen,rboughenet@trellian.com,China,2:01,534
535,Alix Brearty,abreartyeu@digg.com,China,5:05,535
536,Mic Sail,msailev@nytimes.com,Poland,22:16,536
537,Ariella Bramont,abramontew@spotify.com,Brazil,4:51,537
538,Yancey Enochsson,yenochssonex@xrea.com,Mozambique,12:23,538
539,Gary Drinkhall,gdrinkhalley@china.com.cn,Poland,11:15,539
540,Hamil St. Pierre,hstez@surveymonkey.com,Norway,11:12,540
541,Perrine Thorburn,pthorburnf0@npr.org,United States,11:06,541
542,Hilly Ludlam,hludlamf1@flickr.com,Philippines,14:35,542
543,Jeana Haskins,jhaskinsf2@multiply.com,Portugal,3:19,543
544,Nicholas Farherty,nfarhertyf3@state.gov,France,0:44,544
545,Helsa Tures,hturesf4@buzzfeed.com,Indonesia,19:07,545
546,Julissa Bette,jbettef5@marriott.com,South Africa,8:37,546
547,Randa Ludwell,rludwellf6@google.com.br,United States,3:32,547
548,Hodge Birchall,hbirchallf7@gnu.org,Russia,21:57,548
549,Aimil Sottell,asottellf8@shareasale.com,Peru,8:36,549
550,Mercy Plumbe,mplumbef9@smugmug.com,Poland,17:55,550
551,Viviyan Wapples,vwapplesfa@1688.com,Finland,21:35,551
552,Nanine Mallinder,nmallinderfb@mit.edu,Nicaragua,15:40,552
553,Pinchas Menelaws,pmenelawsfc@merriam-webster.com,China,15:07,553
554,Jasmine Antcliffe,jantcliffefd@mac.com,Poland,8:02,554
555,Agneta Salvatore,asalvatorefe@tripadvisor.com,China,12:56,555
556,Catherine Wollrauch,cwollrauchff@uol.com.br,Japan,5:21,556
557,Maryrose Booty,mbootyfg@tiny.cc,Czech Republic,8:44,557
558,Sharon Travers,straversfh@lycos.com,South Korea,15:19,558
559,Philis Rubenfeld,prubenfeldfi@nymag.com,United States,21:37,559
560,Danita Bartolini,dbartolinifj@nyu.edu,China,22:11,560
561,Bunnie Yewdale,byewdalefk@spotify.com,Brazil,22:55,561
562,Eloisa Hendron,ehendronfl@deliciousdays.com,China,16:44,562
563,Debor Mees,dmeesfm@ovh.net,Peru,2:04,563
564,Devina Shory,dshoryfn@blogger.com,France,4:37,564
565,Isabel Stoll,istollfo@virginia.edu,Argentina,17:54,565
566,Ario Wales,awalesfp@elegantthemes.com,Vietnam,23:36,566
567,Morlee Roxburch,mroxburchfq@auda.org.au,Indonesia,21:30,567
568,Derron Semonin,dsemoninfr@boston.com,Indonesia,6:43,568
569,Kissie Clunie,kcluniefs@printfriendly.com,Peru,5:08,569
570,Terencio Edmons,tedmonsft@google.com.hk,China,15:04,570
571,Josey Else,jelsefu@fotki.com,Ukraine,17:32,571
572,Whitney Blagbrough,wblagbroughfv@free.fr,France,18:15,572
573,Abby Gammie,agammiefw@imdb.com,Ireland,23:49,573
574,Andre Bliven,ablivenfx@virginia.edu,France,5:04,574
575,Matilde D'Ruel,mdruelfy@redcross.org,Philippines,16:10,575
576,Jonell Benbrick,jbenbrickfz@linkedin.com,China,14:02,576
577,Wilmer Diperaus,wdiperausg0@wikipedia.org,Peru,20:10,577
578,Sharona Fullard,sfullardg1@marketwatch.com,Indonesia,5:11,578
579,Gloriana Locks,glocksg2@unesco.org,Czech Republic,17:12,579
580,Valaria Brisseau,vbrisseaug3@xing.com,Iran,9:16,580
581,Curran McCluney,cmccluneyg4@t-online.de,Kazakhstan,16:55,581
582,Ralph Fleisch,rfleischg5@sciencedaily.com,United States,5:28,582
583,Brooks Soeiro,bsoeirog6@msu.edu,China,5:25,583
584,Aggy Sivorn,asivorng7@creativecommons.org,Indonesia,16:31,584
585,Bogey Wicklin,bwickling8@barnesandnoble.com,Venezuela,0:29,585
586,Allyce Kryzhov,akryzhovg9@storify.com,Belarus,10:50,586
587,Dylan Jacson,djacsonga@elegantthemes.com,Ireland,0:31,587
588,Marlon Cholonin,mcholoningb@timesonline.co.uk,Ireland,19:06,588
589,Kayle Insworth,kinsworthgc@squidoo.com,Sweden,4:30,589
590,Nedi Autin,nautingd@phoca.cz,Canada,23:25,590
591,Florencia Jowers,fjowersge@ebay.com,Philippines,18:27,591
592,Benyamin Guerry,bguerrygf@imdb.com,Poland,5:18,592
593,Cyrus McIlwrath,cmcilwrathgg@businesswire.com,Ukraine,2:09,593
594,Alon Kinton,akintongh@istockphoto.com,Colombia,20:53,594
595,Bendicty Swaile,bswailegi@bbb.org,Colombia,5:47,595
596,Chrisse Grigorini,cgrigorinigj@sina.com.cn,China,7:34,596
597,Nanine Cridlin,ncridlingk@virginia.edu,Argentina,0:54,597
598,Thayne Darkin,tdarkingl@wp.com,China,3:54,598
599,Ninette Orvis,norvisgm@ebay.com,Indonesia,4:44,599
600,Giacinta Baldocci,gbaldoccign@eepurl.com,Czech Republic,18:57,600
601,Nelson Ferrieroi,nferrieroigo@hp.com,Cuba,3:11,601
602,Robinet Tweedell,rtweedellgp@feedburner.com,Portugal,3:53,602
603,Arly Nowaczyk,anowaczykgq@joomla.org,Chile,16:14,603
604,Reinhard McGriffin,rmcgriffingr@theglobeandmail.com,Philippines,14:15,604
605,Rozina Conyard,rconyardgs@blogs.com,Mexico,20:20,605
606,Kym Chree,kchreegt@aol.com,Germany,7:43,606
607,Heriberto Thain,hthaingu@amazon.com,Czech Republic,14:36,607
608,Shandee Pratley,spratleygv@skyrock.com,Poland,11:26,608
609,Calypso Easter,ceastergw@twitter.com,China,17:04,609
610,Barbie Lisle,blislegx@netlog.com,Albania,0:57,610
611,Welbie Brennans,wbrennansgy@prweb.com,Ukraine,8:15,611
612,Blinni Dovydenas,bdovydenasgz@theguardian.com,Mozambique,6:15,612
613,Rorie Mayell,rmayellh0@odnoklassniki.ru,Finland,8:44,613
614,Staffard Coverly,scoverlyh1@google.es,Brazil,10:39,614
615,Adria Radley,aradleyh2@sun.com,Syria,8:59,615
616,Arvie Gounod,agounodh3@angelfire.com,China,3:17,616
617,Addy Lifton,aliftonh4@taobao.com,Russia,16:07,617
618,Gilles MacGinley,gmacginleyh5@typepad.com,China,2:22,618
619,Chelsea Swalwell,cswalwellh6@cafepress.com,China,1:59,619
620,Olimpia Makey,omakeyh7@phoca.cz,Uruguay,16:16,620
621,Sampson Grishinov,sgrishinovh8@sina.com.cn,China,12:22,621
622,Neila Filipiak,nfilipiakh9@netvibes.com,Greece,3:58,622
623,Osbourne Wield,owieldha@google.co.jp,United States,18:58,623
624,Vevay Marshal,vmarshalhb@va.gov,Djibouti,22:28,624
625,Seymour Peaple,speaplehc@wunderground.com,Indonesia,12:38,625
626,Emmi Elmar,eelmarhd@geocities.com,Thailand,3:51,626
627,Dareen Ruppert,drupperthe@dot.gov,Ghana,9:19,627
628,Forrest Barehead,fbareheadhf@state.tx.us,United States,12:04,628
629,Andrei Pettipher,apettipherhg@businesswire.com,United Arab Emirates,5:59,629
630,Willis Eliesco,weliescohh@independent.co.uk,China,3:15,630
631,Rubin Lante,rlantehi@hubpages.com,Indonesia,19:58,631
632,Hattie Harbach,hharbachhj@noaa.gov,Sweden,1:03,632
633,Hillier Aitkin,haitkinhk@reverbnation.com,Honduras,11:09,633
634,Drusi Fessier,dfessierhl@bloomberg.com,Japan,12:18,634
635,Sandra Jados,sjadoshm@mapy.cz,Brazil,13:14,635
636,Edin Bernardo,ebernardohn@furl.net,China,9:47,636
637,Jessamyn Kinsey,jkinseyho@quantcast.com,China,12:16,637
638,Emmet Goodricke,egoodrickehp@seattletimes.com,Peru,14:57,638
639,Otes Gregore,ogregorehq@marriott.com,China,20:02,639
640,Elmo Molden,emoldenhr@photobucket.com,Brazil,5:45,640
641,Row Alabastar,ralabastarhs@goo.ne.jp,Vanuatu,0:18,641
642,Dennison Tregea,dtregeaht@vinaora.com,Indonesia,6:07,642
643,Leandra Terzo,lterzohu@bloglovin.com,Guinea,18:07,643
644,Mavis Castangia,mcastangiahv@ucoz.com,Indonesia,10:18,644
645,Emery Varndall,evarndallhw@goo.gl,Myanmar,15:42,645
646,Zorine Crockett,zcrocketthx@drupal.org,Ethiopia,3:18,646
647,Shandie Webster,swebsterhy@bloomberg.com,Russia,21:48,647
648,Gabriell Tillett,gtilletthz@ucoz.com,China,15:41,648
649,Marcile Janecki,mjaneckii0@pinterest.com,Indonesia,19:37,649
650,Wini Woodison,wwoodisoni1@ow.ly,Poland,9:38,650
651,Dionne Rappoport,drappoporti2@jimdo.com,Croatia,15:11,651
652,Aluino Crimp,acrimpi3@walmart.com,Israel,1:22,652
653,Selma Pendrick,spendricki4@uiuc.edu,Philippines,15:37,653
654,Lilyan Nimmo,lnimmoi5@macromedia.com,Macedonia,0:37,654
655,Grissel Malter,gmalteri6@marriott.com,China,8:22,655
656,Perceval Gunthorpe,pgunthorpei7@google.com.hk,Brazil,9:10,656
657,Ruthe Farra,rfarrai8@constantcontact.com,Indonesia,23:08,657
658,Norbie MacGuigan,nmacguigani9@webs.com,China,15:12,658
659,Timmy McGonagle,tmcgonagleia@yellowbook.com,Thailand,0:38,659
660,Witty Grundle,wgrundleib@weather.com,Poland,4:54,660
661,Carry Rawnsley,crawnsleyic@microsoft.com,Cuba,6:15,661
662,Korrie Stearn,kstearnid@123-reg.co.uk,Thailand,10:10,662
663,Devon Ferneyhough,dferneyhoughie@t.co,Poland,5:34,663
664,Taddeo Sivess,tsivessif@scribd.com,Poland,3:44,664
665,Fraser Stelljes,fstelljesig@cdbaby.com,Sri Lanka,15:24,665
666,Roth Croughan,rcroughanih@census.gov,Afghanistan,13:48,666
667,Emmanuel Segrott,esegrottii@1688.com,Indonesia,5:44,667
668,Hildy Kendred,hkendredij@51.la,Thailand,20:22,668
669,Suzanne Freebury,sfreeburyik@hp.com,Vietnam,19:17,669
670,Trip Bunney,tbunneyil@prnewswire.com,United States,5:11,670
671,Rosemonde Espinheira,respinheiraim@miitbeian.gov.cn,Canada,5:53,671
672,Micki Delap,mdelapin@ebay.com,Sweden,17:41,672
673,Karel Robelow,krobelowio@163.com,China,13:17,673
674,Godfrey Momford,gmomfordip@cbc.ca,Philippines,14:02,674
675,Ammamaria Myton,amytoniq@pbs.org,Indonesia,15:29,675
676,Rolland Bennetts,rbennettsir@mozilla.org,Brazil,20:25,676
677,Serge Scathard,sscathardis@phpbb.com,Russia,4:27,677
678,Ruperta Fidal,rfidalit@mit.edu,China,18:00,678
679,Charles Bampfield,cbampfieldiu@dyndns.org,Russia,19:34,679
680,Alysia Driver,adriveriv@goo.gl,China,18:21,680
681,Lamond Proudley,lproudleyiw@yahoo.co.jp,China,10:32,681
682,Kelsy Stoter,kstoterix@vimeo.com,Indonesia,10:31,682
683,Leah Bruineman,lbruinemaniy@so-net.ne.jp,China,20:34,683
684,Gerrie Dionisetto,gdionisettoiz@mapy.cz,China,6:06,684
685,Emelen Bielby,ebielbyj0@yellowpages.com,Portugal,23:50,685
686,Hurley Goodin,hgoodinj1@pbs.org,Brazil,9:15,686
687,Garreth Janoch,gjanochj2@webs.com,China,23:56,687
688,Diahann Farraway,dfarrawayj3@webeden.co.uk,Afghanistan,17:10,688
689,Mar Ferneley,mferneleyj4@cnet.com,China,14:03,689
690,Selle Sture,ssturej5@wordpress.com,China,20:59,690
691,Nikolai Shipp,nshippj6@wiley.com,Syria,21:40,691
692,Ettore McCurtin,emccurtinj7@studiopress.com,Panama,16:16,692
693,Shandy Isted,sistedj8@cbc.ca,France,0:41,693
694,Nani Lapham,nlaphamj9@hp.com,China,20:17,694
695,Ham Simony,hsimonyja@nhs.uk,Indonesia,2:21,695
696,Fredericka Stille,fstillejb@cnn.com,Tanzania,11:24,696
697,Donnamarie Skippen,dskippenjc@cnet.com,Armenia,4:24,697
698,Brittany Ratley,bratleyjd@mit.edu,Philippines,22:04,698
699,Janet Brumbye,jbrumbyeje@rakuten.co.jp,Ukraine,9:50,699
700,Tandie Jedrysik,tjedrysikjf@xing.com,China,3:44,700
701,Shel Valintine,svalintinejg@ucla.edu,China,16:09,701
702,Ira Idiens,iidiensjh@bluehost.com,Pakistan,8:58,702
703,Pia Elves,pelvesji@hubpages.com,Niger,19:29,703
704,Tomkin Doucette,tdoucettejj@lycos.com,Yemen,23:03,704
705,Corbin Canniffe,ccanniffejk@google.com,China,10:59,705
706,Ranique Fabri,rfabrijl@dailymotion.com,Argentina,14:00,706
707,Pattie Pauley,ppauleyjm@geocities.jp,China,21:35,707
708,Caroline Jager,cjagerjn@washington.edu,Indonesia,11:31,708
709,Tobie Shinefield,tshinefieldjo@xinhuanet.com,China,19:44,709
710,Ricoriki Heaviside,rheavisidejp@jimdo.com,Indonesia,7:20,710
711,Toby Buckam,tbuckamjq@slashdot.org,Bangladesh,20:06,711
712,Catherina Bonsey,cbonseyjr@google.cn,China,9:12,712
713,Dorise Ofield,dofieldjs@npr.org,Thailand,2:11,713
714,Adler Sturmey,asturmeyjt@newsvine.com,Yemen,8:19,714
715,Kessiah Norwich,knorwichju@studiopress.com,Ireland,14:44,715
716,Tom Bastock,tbastockjv@hhs.gov,Indonesia,10:40,716
717,Miles Jouandet,mjouandetjw@tinypic.com,Brazil,2:10,717
718,Daveen Yerrell,dyerrelljx@marriott.com,Brazil,9:26,718
719,Christophe Duffan,cduffanjy@oaic.gov.au,Sweden,13:32,719
720,Emelyne Dearan,edearanjz@fda.gov,Russia,15:26,720
721,Cathleen Dawkes,cdawkesk0@amazon.de,France,16:28,721
722,Beth Jagiela,bjagielak1@cyberchimps.com,Ukraine,18:59,722
723,Brig Kidner,bkidnerk2@ovh.net,Philippines,11:03,723
724,Walton Baxstare,wbaxstarek3@tripadvisor.com,Portugal,5:22,724
725,Georgena Finey,gfineyk4@who.int,Ukraine,17:03,725
726,Ronnica Georgeson,rgeorgesonk5@amazon.de,China,11:25,726
727,Neila Cormack,ncormackk6@networksolutions.com,Croatia,9:21,727
728,Merrile Glasson,mglassonk7@alexa.com,Brazil,14:16,728
729,Peadar Porcher,pporcherk8@edublogs.org,China,20:58,729
730,Maitilde Neeves,mneevesk9@dailymotion.com,United States,22:48,730
731,Crysta Morrison,cmorrisonka@ebay.com,Indonesia,9:45,731
732,Barth Roxbrough,broxbroughkb@com.com,Bolivia,9:38,732
733,Zorina Stephenson,zstephensonkc@sourceforge.net,Indonesia,17:34,733
734,Carie Knottley,cknottleykd@php.net,Ukraine,5:41,734
735,Brent Chalfant,bchalfantke@netvibes.com,Ireland,4:29,735
736,Harvey Whetland,hwhetlandkf@eventbrite.com,Nigeria,18:26,736
737,Kit Bes,kbeskg@shareasale.com,China,5:50,737
738,Carly Chaddock,cchaddockkh@bravesites.com,China,23:39,738
739,Rafi Vlasenko,rvlasenkoki@foxnews.com,China,2:48,739
740,Berenice Rosenbusch,brosenbuschkj@cmu.edu,China,22:13,740
741,Dag Silliman,dsillimankk@google.com.hk,Sweden,20:24,741
742,Phineas Cabrer,pcabrerkl@mit.edu,Peru,20:06,742
743,Elaine Kiddye,ekiddyekm@dyndns.org,Russia,11:09,743
744,Alessandra Pointing,apointingkn@salon.com,China,12:47,744
745,Norby Pinyon,npinyonko@multiply.com,Jordan,8:40,745
746,Wilek Cattlemull,wcattlemullkp@ustream.tv,Czech Republic,17:55,746
747,Rossie Dixie,rdixiekq@umn.edu,Vietnam,14:05,747
748,Joscelin Goldthorpe,jgoldthorpekr@ted.com,Indonesia,21:36,748
749,Amelina Plevey,apleveyks@europa.eu,Tanzania,5:43,749
750,Kerry Alldritt,kalldrittkt@free.fr,Egypt,1:23,750
751,Urbanus Bauer,ubauerku@usda.gov,China,6:40,751
752,Cale Verheyden,cverheydenkv@123-reg.co.uk,Indonesia,10:01,752
753,Baron Boutflour,bboutflourkw@smh.com.au,Brazil,10:11,753
754,Friederike Pegden,fpegdenkx@slashdot.org,Finland,18:17,754
755,Lauritz Bricket,lbricketky@loc.gov,Russia,10:07,755
756,Ailyn Durak,adurakkz@liveinternet.ru,Kazakhstan,17:12,756
757,Vale McComiskie,vmccomiskiel0@naver.com,China,12:48,757
758,Pierre Sive,psivel1@google.com.hk,Brazil,23:07,758
759,Abigael Cardon,acardonl2@telegraph.co.uk,China,16:02,759
760,Amy Rapsey,arapseyl3@census.gov,Peru,14:02,760
761,Flor Joslyn,fjoslynl4@merriam-webster.com,Tunisia,16:14,761
762,Merrie Pickrell,mpickrelll5@mapy.cz,China,15:11,762
763,Pia Barnshaw,pbarnshawl6@naver.com,China,7:27,763
764,Paolo Cescoti,pcescotil7@gmpg.org,Russia,19:47,764
765,Demetris Cancutt,dcancuttl8@miitbeian.gov.cn,Argentina,17:59,765
766,Harper Tortoise,htortoisel9@blogs.com,Czech Republic,22:06,766
767,Mile Bannell,mbannellla@arstechnica.com,Belarus,0:21,767
768,Clary Speight,cspeightlb@zimbio.com,China,11:15,768
769,Vivianne Kiln,vkilnlc@constantcontact.com,China,5:37,769
770,Barbee Earp,bearpld@technorati.com,Ukraine,8:13,770
771,Jermaine Colbourne,jcolbournele@theglobeandmail.com,Egypt,19:16,771
772,Ellette Sanzio,esanziolf@ow.ly,China,3:54,772
773,Magdaia Dobel,mdobellg@sciencedaily.com,Indonesia,7:02,773
774,Sharla Thacke,sthackelh@ebay.com,Brazil,6:15,774
775,Seth Bramall,sbramallli@studiopress.com,Russia,6:15,775
776,Shamus Killock,skillocklj@google.com.au,Norway,6:03,776
777,Anette Rosenbarg,arosenbarglk@kickstarter.com,Portugal,19:46,777
778,Augy Fawlo,afawloll@sourceforge.net,Syria,1:36,778
779,Nari Colston,ncolstonlm@deliciousdays.com,Azerbaijan,2:04,779
780,Pennie Lowndsborough,plowndsboroughln@google.es,Japan,12:55,780
781,Costanza Challener,cchallenerlo@ameblo.jp,China,13:25,781
782,Kinnie Pawel,kpawellp@google.com.au,Macedonia,7:04,782
783,Yettie Pickworth,ypickworthlq@yahoo.com,Indonesia,15:59,783
784,Hermione Ibel,hibellr@tinypic.com,France,13:01,784
785,Cad Pocknell,cpocknellls@t.co,China,15:59,785
786,Neala Aysh,nayshlt@opensource.org,China,16:10,786
787,Lura Brickdale,lbrickdalelu@census.gov,Canada,16:58,787
788,Tomaso Reichert,treichertlv@addtoany.com,Poland,11:36,788
789,Willow Eames,weameslw@biglobe.ne.jp,China,7:41,789
790,Blake Duckitt,bduckittlx@usatoday.com,Sweden,1:49,790
791,Geordie Labb,glabbly@tamu.edu,Brazil,0:53,791
792,Adi Ovendale,aovendalelz@theglobeandmail.com,Poland,14:13,792
793,Jeni Laugharne,jlaugharnem0@xrea.com,Yemen,20:39,793
794,Zea Ponnsett,zponnsettm1@a8.net,Argentina,2:45,794
795,Breena Stephen,bstephenm2@techcrunch.com,Brazil,14:42,795
796,Brad Baelde,bbaeldem3@huffingtonpost.com,Thailand,8:56,796
797,Osgood Biskupiak,obiskupiakm4@baidu.com,Brazil,20:40,797
798,Harri Drinan,hdrinanm5@taobao.com,Thailand,23:37,798
799,Enrica Khan,ekhanm6@ycombinator.com,Czech Republic,5:56,799
800,Tyne Pavlov,tpavlovm7@ftc.gov,Mexico,22:37,800
801,Damaris Emson,demsonm8@go.com,Madagascar,23:00,801
802,Marleah Cristofaro,mcristofarom9@skyrock.com,China,22:59,802
803,Dallas Leacock,dleacockma@reddit.com,Indonesia,11:52,803
804,Jeramey Beddis,jbeddismb@google.co.uk,Haiti,4:49,804
805,Dot Gajownik,dgajownikmc@cpanel.net,China,19:15,805
806,Inna Hardi,ihardimd@nih.gov,Botswana,9:40,806
807,Daloris Burberye,dburberyeme@hugedomains.com,Japan,14:22,807
808,Rosemary Brunn,rbrunnmf@washingtonpost.com,Cyprus,16:40,808
809,Isabelita Kingstne,ikingstnemg@liveinternet.ru,Russia,6:41,809
810,Penny MacDunleavy,pmacdunleavymh@fc2.com,Suriname,8:15,810
811,Margit Southcombe,msouthcombemi@oakley.com,South Africa,9:02,811
812,Jessie Bristow,jbristowmj@gnu.org,China,3:29,812
813,Rubia Brouncker,rbrounckermk@google.it,China,18:21,813
814,Sunshine Goodlet,sgoodletml@blogspot.com,Indonesia,16:26,814
815,Gabbie Lebarree,glebarreemm@washingtonpost.com,New Zealand,6:35,815
816,Ammamaria Brizland,abrizlandmn@amazon.co.jp,China,18:59,816
817,Darlene Cattle,dcattlemo@rambler.ru,Brazil,21:27,817
818,Berny Philipsson,bphilipssonmp@t-online.de,Thailand,23:50,818
819,Lorianne McGillivray,lmcgillivraymq@google.com.au,China,23:46,819
820,Carin Wormell,cwormellmr@blogspot.com,Greece,11:18,820
821,Lark Moylan,lmoylanms@myspace.com,Albania,8:39,821
822,Udale De Carteret,udemt@usatoday.com,Philippines,17:49,822
823,Hewie Lethby,hlethbymu@yellowpages.com,Zambia,5:11,823
824,Merna Schleicher,mschleichermv@yelp.com,South Africa,1:25,824
825,Celka Leinweber,cleinwebermw@g.co,Czech Republic,13:59,825
826,Welch Meaton,wmeatonmx@fda.gov,Indonesia,11:40,826
827,Wendye Sygrove,wsygrovemy@umich.edu,Greece,9:49,827
828,Sheelagh Rider,sridermz@zimbio.com,China,3:20,828
829,Solly Plowell,splowelln0@networksolutions.com,Portugal,16:21,829
830,Benyamin Lewens,blewensn1@list-manage.com,Greece,20:16,830
831,Hilary Pabel,hpabeln2@i2i.jp,Thailand,11:04,831
832,Kasper Dahmke,kdahmken3@canalblog.com,Poland,20:41,832
833,Ethelyn Hainge,ehaingen4@fda.gov,Mali,5:09,833
834,Katie Cotterell,kcotterelln5@homestead.com,Sweden,13:19,834
835,Griffin Braisby,gbraisbyn6@ucsd.edu,Russia,11:45,835
836,Phillis Phelp,pphelpn7@geocities.com,Greece,16:44,836
837,Paten Lowless,plowlessn8@google.com,China,8:10,837
838,Winnie Romain,wromainn9@utexas.edu,Kyrgyzstan,10:18,838
839,Redd Ferrarin,rferrarinna@abc.net.au,China,16:35,839
840,Whitney Menaul,wmenaulnb@soundcloud.com,China,0:48,840
841,Courtney Feild,cfeildnc@imgur.com,Colombia,14:16,841
842,Bobina Laise,blaisend@devhub.com,Romania,15:53,842
843,Christi Ethridge,cethridgene@lycos.com,Ireland,14:29,843
844,Elsi Dumbelton,edumbeltonnf@house.gov,China,0:58,844
845,Ceciley Caukill,ccaukillng@sakura.ne.jp,Brazil,6:56,845
846,Lexis Rangell,lrangellnh@printfriendly.com,Indonesia,19:27,846
847,Edythe Atwater,eatwaterni@epa.gov,Ukraine,0:34,847
848,Veda Barthelme,vbarthelmenj@adobe.com,Kosovo,14:01,848
849,Melamie Bouldstridge,mbouldstridgenk@mashable.com,Brazil,9:09,849
850,Starla Addington,saddingtonnl@ow.ly,China,8:33,850
851,Sigismund Bilsborrow,sbilsborrownm@nba.com,Thailand,2:38,851
852,Kristy Trebilcock,ktrebilcocknn@gmpg.org,Germany,17:53,852
853,Mirabel Crummy,mcrummyno@techcrunch.com,Philippines,10:52,853
854,Chariot Aspy,caspynp@drupal.org,China,17:41,854
855,Jaymie Winteringham,jwinteringhamnq@multiply.com,France,15:11,855
856,Heidie Faber,hfabernr@xing.com,Republic of the Congo,2:52,856
857,Homer Spiers,hspiersns@mozilla.org,Mexico,1:41,857
858,Niccolo Wigsell,nwigsellnt@dagondesign.com,China,6:06,858
859,Diane Tellenbach,dtellenbachnu@hugedomains.com,Finland,22:43,859
860,Jarrod Shaw,jshawnv@forbes.com,Philippines,1:28,860
861,Pail Pitcaithley,ppitcaithleynw@columbia.edu,Portugal,4:18,861
862,Clevey Rendbaek,crendbaeknx@ow.ly,Sweden,14:11,862
863,Mart Eastham,measthamny@nasa.gov,China,7:19,863
864,Bernardina Emmot,bemmotnz@imageshack.us,Thailand,0:36,864
865,Jenda Lambrook,jlambrooko0@bloglovin.com,Estonia,0:49,865
866,Ezmeralda Carey,ecareyo1@wunderground.com,Indonesia,21:35,866
867,Oralee Whenman,owhenmano2@google.es,Thailand,7:33,867
868,Delcina Vedyaev,dvedyaevo3@pen.io,Philippines,0:18,868
869,Porter Taaffe,ptaaffeo4@barnesandnoble.com,Slovenia,16:52,869
870,Carmella Bealing,cbealingo5@jugem.jp,Brazil,17:11,870
871,Eadmund Sambidge,esambidgeo6@wired.com,Brazil,23:48,871
872,Phyllis Bulled,pbulledo7@myspace.com,Sweden,20:16,872
873,Lola Checcuzzi,lcheccuzzio8@hc360.com,Colombia,21:18,873
874,Janela Lumox,jlumoxo9@slate.com,Indonesia,17:21,874
875,Jermayne Abramov,jabramovoa@shop-pro.jp,Peru,14:58,875
876,Katalin Swires,kswiresob@edublogs.org,Argentina,3:06,876
877,Sol Wanley,swanleyoc@imageshack.us,Philippines,19:41,877
878,Opalina Pinnegar,opinnegarod@feedburner.com,Germany,1:22,878
879,Fairfax Witherington,fwitheringtonoe@sohu.com,Thailand,10:53,879
880,Mike Janota,mjanotaof@flickr.com,China,8:54,880
881,Charlean Armatys,carmatysog@army.mil,Republic of the Congo,11:12,881
882,Morissa Gillard,mgillardoh@home.pl,Indonesia,16:11,882
883,Celestina Easey,ceaseyoi@ow.ly,Russia,19:53,883
884,Travis Teas,tteasoj@samsung.com,Poland,17:17,884
885,Ynez Verzey,yverzeyok@elpais.com,China,16:48,885
886,Paulette Borthwick,pborthwickol@ucoz.com,China,2:04,886
887,Lars Rickaby,lrickabyom@nymag.com,Russia,7:27,887
888,Boyce Grombridge,bgrombridgeon@hexun.com,Azerbaijan,5:37,888
889,Nataniel Offa,noffaoo@furl.net,Colombia,9:28,889
890,Guillemette McKinlay,gmckinlayop@wp.com,Philippines,11:30,890
891,Leigh Dukelow,ldukelowoq@ft.com,Italy,3:02,891
892,Rori Jaimez,rjaimezor@narod.ru,Russia,12:20,892
893,Terrence Sign,tsignos@artisteer.com,France,19:57,893
894,Cobby Uglow,cuglowot@netscape.com,Czech Republic,14:00,894
895,Lucie Tellenbrok,ltellenbrokou@theglobeandmail.com,Madagascar,1:22,895
896,Addi Grumley,agrumleyov@tamu.edu,China,18:09,896
897,Eduardo Webber,ewebberow@wikia.com,China,13:47,897
898,Shane Brunnstein,sbrunnsteinox@usatoday.com,Sweden,5:28,898
899,Miguel Klehyn,mklehynoy@phpbb.com,Indonesia,2:43,899
900,Merridie Deakin,mdeakinoz@google.pl,Thailand,18:15,900
901,Cordey Bartkowiak,cbartkowiakp0@unicef.org,China,6:38,901
902,Felike Trippick,ftrippickp1@hubpages.com,Thailand,17:42,902
903,Sandy Peace,speacep2@nydailynews.com,Indonesia,10:56,903
904,Frankie Treppas,ftreppasp3@netscape.com,Philippines,5:01,904
905,Latashia Lowers,llowersp4@bigcartel.com,United States,11:46,905
906,Dniren Ryam,dryamp5@sohu.com,Brazil,7:10,906
907,Katie Jailler,kjaillerp6@wsj.com,Philippines,1:23,907
908,Andreas Sliney,aslineyp7@squidoo.com,Macedonia,10:41,908
909,Janka Barbe,jbarbep8@pbs.org,Ukraine,8:05,909
910,Emelia Russi,erussip9@domainmarket.com,Colombia,14:51,910
911,Laurence Mordaunt,lmordauntpa@columbia.edu,Colombia,6:31,911
912,Damaris Pelfer,dpelferpb@qq.com,Brazil,6:38,912
913,Kathe Gerant,kgerantpc@nationalgeographic.com,South Africa,15:22,913
914,Tildie Geering,tgeeringpd@youku.com,Ukraine,7:08,914
915,Gregorius Selley,gselleype@creativecommons.org,Russia,19:39,915
916,Lizzie Wickardt,lwickardtpf@europa.eu,Philippines,13:11,916
917,Jeralee Hepher,jhepherpg@e-recht24.de,Nigeria,20:06,917
918,Ruthi Kohen,rkohenph@infoseek.co.jp,Brazil,6:03,918
919,Dione May,dmaypi@huffingtonpost.com,China,22:09,919
920,Caye Vannozzii,cvannozziipj@businesswire.com,Indonesia,15:54,920
921,Robyn Lum,rlumpk@home.pl,Argentina,9:34,921
922,Devora Wickardt,dwickardtpl@naver.com,Brazil,19:00,922
923,Corilla Labuschagne,clabuschagnepm@indiegogo.com,China,5:54,923
924,Olivie Dominicacci,odominicaccipn@mapy.cz,Portugal,23:14,924
925,Sabrina Espinoza,sespinozapo@forbes.com,Indonesia,13:23,925
926,Silvanus Virgo,svirgopp@netvibes.com,Indonesia,8:47,926
927,Cate MacAlester,cmacalesterpq@friendfeed.com,China,19:36,927
928,Abraham Guess,aguesspr@phoca.cz,Indonesia,18:53,928
929,Amalie Thorsen,athorsenps@tumblr.com,Indonesia,4:49,929
930,Stephie Luckings,sluckingspt@unc.edu,China,7:54,930
931,Demeter Rowes,drowespu@diigo.com,Philippines,4:39,931
932,Ollie Bisgrove,obisgrovepv@webnode.com,China,8:24,932
933,Hanna Saiger,hsaigerpw@yandex.ru,Russia,16:47,933
934,Broddie Hutable,bhutablepx@shinystat.com,Syria,6:37,934
935,Mervin Nilges,mnilgespy@multiply.com,Thailand,9:41,935
936,Aryn Doxsey,adoxseypz@wunderground.com,China,1:49,936
937,Lilas Breitling,lbreitlingq0@mediafire.com,Indonesia,22:31,937
938,Annette Hintze,ahintzeq1@amazon.com,Zambia,23:25,938
939,Cornell Montilla,cmontillaq2@nymag.com,Palestinian Territory,19:32,939
940,Taffy Hawthorn,thawthornq3@xrea.com,France,8:50,940
941,Lucy Jowling,ljowlingq4@hexun.com,France,14:36,941
942,Bethany McShirrie,bmcshirrieq5@cdbaby.com,Colombia,3:46,942
943,Rusty Laybourne,rlaybourneq6@mtv.com,Greece,3:17,943
944,Catlee Pannett,cpannettq7@wsj.com,China,0:03,944
945,Garret Bikker,gbikkerq8@themeforest.net,Indonesia,3:28,945
946,Shana Skipsey,sskipseyq9@yolasite.com,China,12:14,946
947,Jarad Wackly,jwacklyqa@mail.ru,Honduras,10:51,947
948,Werner Cleyburn,wcleyburnqb@123-reg.co.uk,Sweden,2:45,948
949,Ugo Ragge,uraggeqc@mediafire.com,France,11:21,949
950,Zachery McMenamin,zmcmenaminqd@booking.com,Canada,3:13,950
951,Skipton Balle,sballeqe@europa.eu,China,1:23,951
952,Orin Goodram,ogoodramqf@ucsd.edu,Democratic Republic of the Congo,1:04,952
953,Herold Flower,hflowerqg@columbia.edu,Ireland,19:48,953
954,Delmer Lambrechts,dlambrechtsqh@dot.gov,Ukraine,4:48,954
955,Gratia Naish,gnaishqi@microsoft.com,Brazil,0:22,955
956,Niko Malimoe,nmalimoeqj@tripod.com,Thailand,18:06,956
957,Noble Jacqueminet,njacqueminetqk@webeden.co.uk,United States,14:21,957
958,Townsend Beddon,tbeddonql@army.mil,United States,21:13,958
959,Max Echlin,mechlinqm@github.io,Paraguay,8:49,959
960,Husain Windross,hwindrossqn@wordpress.com,Russia,15:35,960
961,Sidnee Willett,swillettqo@chronoengine.com,South Korea,7:21,961
962,Sidney Wingar,swingarqp@creativecommons.org,Portugal,18:51,962
963,Jill Clowney,jclowneyqq@wsj.com,France,21:25,963
964,Leigha Ilott,lilottqr@tripod.com,Yemen,23:37,964
965,Judd Hargess,jhargessqs@thetimes.co.uk,Dominican Republic,13:41,965
966,Mathilde Alton,maltonqt@fema.gov,United Kingdom,0:10,966
967,Curran Corrie,ccorriequ@reverbnation.com,Czech Republic,5:49,967
968,Ina Nijssen,inijssenqv@pen.io,France,6:50,968
969,Darb Dew,ddewqw@twitter.com,China,21:39,969
970,Barry Corlett,bcorlettqx@ask.com,France,22:23,970
971,Justis Povall,jpovallqy@hhs.gov,Russia,23:03,971
972,Curran Labon,clabonqz@aboutads.info,South Africa,5:12,972
973,Brande Marchello,bmarchellor0@typepad.com,Malaysia,14:42,973
974,Eadmund Hugnot,ehugnotr1@accuweather.com,Portugal,11:54,974
975,Bambie Amthor,bamthorr2@state.gov,Czech Republic,17:02,975
976,Dasha Mathet,dmathetr3@ow.ly,New Caledonia,5:19,976
977,Katya Spellman,kspellmanr4@nydailynews.com,Russia,23:43,977
978,Adrian Gerry,agerryr5@imgur.com,Portugal,10:31,978
979,Renaud Aronowicz,raronowiczr6@abc.net.au,Indonesia,9:11,979
980,Waylan Eagland,weaglandr7@arstechnica.com,China,18:04,980
981,Lindon Treverton,ltrevertonr8@paypal.com,South Korea,13:50,981
982,Edgardo Orthmann,eorthmannr9@cmu.edu,Senegal,19:08,982
983,Shelley Elcox,selcoxra@shutterfly.com,Philippines,19:35,983
984,Xaviera MacKniely,xmacknielyrb@slideshare.net,Japan,23:37,984
985,Arnold Dalling,adallingrc@google.pl,Indonesia,21:09,985
986,Mandie Kibblewhite,mkibblewhiterd@hc360.com,Indonesia,0:57,986
987,Harald Panniers,hpanniersre@bandcamp.com,Trinidad and Tobago,5:00,987
988,Tommy Readwood,treadwoodrf@businesswire.com,Malaysia,7:29,988
989,Ferris Worshall,fworshallrg@huffingtonpost.com,Saudi Arabia,20:01,989
990,Aylmer Qualtro,aqualtrorh@google.es,Indonesia,2:02,990
991,Ignazio Fletcher,ifletcherri@nyu.edu,China,15:43,991
992,Derrek Treherne,dtrehernerj@moonfruit.com,China,13:17,992
993,Evelyn Wahncke,ewahnckerk@dailymail.co.uk,Colombia,12:23,993
994,Alleen Cramer,acramerrl@ehow.com,Argentina,19:38,994
995,Daphene Snoxill,dsnoxillrm@macromedia.com,Belarus,0:01,995
996,Rolland Milam,rmilamrn@nifty.com,Czech Republic,16:02,996
997,Agustin Lyddiatt,alyddiattro@github.com,Kazakhstan,8:31,997
998,Gretchen Skurray,gskurrayrp@ask.com,Indonesia,0:30,998
999,Stacy Fallon,sfallonrq@etsy.com,Indonesia,20:44,999
1101,Martin Tapia Herrera,martin.tapia.h@gmail.com,Rusia,15:55,862
